axis,significant_difference
ability,0.8362421891833657
age,0.8504047512508645
body_type,0.760509424350484
characteristics,0.8428396999825571
cultural,0.8510343822843823
gender_and_sex,0.8555041449778292
nationality,0.8417004048582996
nonce,0.8557692307692307
political_ideologies,0.8470659775007601
race_ethnicity,0.8509283819628647
religion,0.8676412872841445
sexual_orientation,0.716374269005848
socioeconomic_class,0.8249721293199554
